evaluation_id,score_id,game_id,player_id,player_name,team,opponent,side,line,book,price_american,actual_xtc,result,realized_roi_1u,grade_status,decision_rank,market_captured_at,model_probability,model_fair_price,expected_roi,decision_status,comparison_id,settlement_policy_status,settlement_resolved,verified_ready,actionability,actionability_blockers,brier_score,probability_error_outcome_minus_model,log_loss,market_result,market_roi,market_probability,market_generation,comparison_version,freeze_id,freeze_sha256,market_snapshot_id,market_snapshot_sha256,kickoff_utc,position_group,market_kind,market_source,market_quote_classification,over_odds_american,under_odds_american,one_sided_side,one_sided_odds_american,two_sided,market_no_vig_over,market_no_vig_under,control_xtc,role_point_xtc,control_h012_snap_share,role_point_snap_share,control_p_over,control_p_under,role_shadow_p_over,role_shadow_p_under,control_over_ev,control_under_ev,role_shadow_over_ev,role_shadow_under_ev,control_best_side,control_best_ev,role_shadow_best_side,role_shadow_best_ev,tracks_agree_side,role_state,week2_preferred_exposure_challenger,starter_conflict_warning,backup_conflict_quarantine,verified_block_reason,settlement_status,settlement_scope,includes_special_teams,identity_join_method,decision_probability_track,role_probability_status,operational_status,control_edge_vs_novig_over,control_edge_vs_novig_under,role_shadow_edge_vs_novig_over,role_shadow_edge_vs_novig_under,gameday_overlay_version,gameday_overlay_captured_at,inactive_list_status,inactive_verified,confirmed_inactive,starter_confirmed_exact,overlay_role_state,overlay_operational_status,market_execution_eligible,frozen_omega_mutation,actual_side,control_selected_probability,role_shadow_selected_probability,control_selected_hit,role_shadow_selected_hit,control_selected_brier,role_shadow_selected_brier,control_selected_log_loss,role_shadow_selected_log_loss,control_over_brier,role_shadow_over_brier,control_selected_price_american,control_realized_roi,control_ev_bin,control_probability_bin,clean_role_state,executable_quote,final_market_eligible,quarantined_or_reference,clean_market_row
20260913T220855Z_e81f4298,20260914T093020Z_bc0a1a78,2026_01_GB_MIN,00-0039850,Edgerrin Cooper,GB,MIN,UNDER,7.5,Underdog Fantasy,-107.0,7,WIN,0.9345794392523364,GRADED,1,2026-09-13T20:20:40.679Z,0.6756811144584589,-208.33850404062048,0.3071587915224392,MODEL_TEST_PORTFOLIO_RESEARCH_ONLY,20260913T220852Z_e81f4298_4fef49f0,RESOLVED,TRUE,FALSE,NON_ACTIONABLE,AVAILABILITY_UNVERIFIED,0.10518273951890723,0.3243188855415411,0.39203403840990075,WIN,0.9345794392523364,0.6756811144584589,LEGACY_023,,,,,,,,,,,,,,,,,,,,,,,,,,,,,,,,,,,,,,,,,,,,,,,,,,,,,,,,,,,,,,,,,,,,,,,,,,,,,,,,
20260913T220855Z_e81f4298,20260914T093020Z_bc0a1a78,2026_01_GB_MIN,00-0039924,Dallas Turner,MIN,GB,OVER,3.5,BetMGM,115.0,2,LOSS,-1.0,GRADED,2,2026-09-13T20:20:40.679Z,0.5844375392677166,-140.63771261673875,0.2565407094255906,MODEL_TEST_PORTFOLIO_RESEARCH_ONLY,20260913T220852Z_e81f4298_4fef49f0,UNRESOLVED_UNKNOWN_BOOK,FALSE,FALSE,NON_ACTIONABLE,AVAILABILITY_UNVERIFIED|SETTLEMENT_UNRESOLVED,0.34156723730530375,-0.5844375392677166,0.8781223493123939,LOSS,-1.0,0.5844375392677166,LEGACY_023,,,,,,,,,,,,,,,,,,,,,,,,,,,,,,,,,,,,,,,,,,,,,,,,,,,,,,,,,,,,,,,,,,,,,,,,,,,,,,,,
20260913T220855Z_e81f4298,20260914T093020Z_bc0a1a78,2026_01_ARI_LAC,00-0033890,Budda Baker,ARI,LAC,UNDER,7.5,Underdog Fantasy,-107.0,5,WIN,0.9345794392523364,GRADED,3,2026-09-13T20:20:40.679Z,0.6287475827958867,-169.35851557033862,0.2163621461565285,MODEL_TEST_PORTFOLIO_RESEARCH_ONLY,20260913T220852Z_e81f4298_4fef49f0,RESOLVED,TRUE,FALSE,NON_ACTIONABLE,AVAILABILITY_UNVERIFIED,0.13782835727989698,0.3712524172041133,0.4640254020354004,WIN,0.9345794392523364,0.6287475827958867,LEGACY_023,,,,,,,,,,,,,,,,,,,,,,,,,,,,,,,,,,,,,,,,,,,,,,,,,,,,,,,,,,,,,,,,,,,,,,,,,,,,,,,,
20260913T220855Z_e81f4298,20260914T093020Z_bc0a1a78,2026_01_ARI_LAC,00-0036992,Elijah Molden,LAC,ARI,UNDER,4.5,BetMGM,105.0,5,LOSS,-1.0,GRADED,4,2026-09-13T20:20:40.679Z,0.6278187215366426,-168.68627141288457,0.2870283791501175,MODEL_TEST_PORTFOLIO_RESEARCH_ONLY,20260913T220852Z_e81f4298_4fef49f0,UNRESOLVED_UNKNOWN_BOOK,FALSE,FALSE,NON_ACTIONABLE,AVAILABILITY_UNVERIFIED|SETTLEMENT_UNRESOLVED,0.39415634711190445,-0.6278187215366426,0.9883742357076298,LOSS,-1.0,0.6278187215366426,LEGACY_023,,,,,,,,,,,,,,,,,,,,,,,,,,,,,,,,,,,,,,,,,,,,,,,,,,,,,,,,,,,,,,,,,,,,,,,,,,,,,,,,
20260913T220855Z_e81f4298,20260914T093020Z_bc0a1a78,2026_01_MIA_LV,00-0034973,Maxx Crosby,LV,MIA,OVER,4.5,DraftKings,130.0,2,LOSS,-1.0,GRADED,5,2026-09-13T20:20:40.679Z,0.49448748223110184,102.22958839889169,0.13732120913153423,MODEL_TEST_PORTFOLIO_RESEARCH_ONLY,20260913T220852Z_e81f4298_4fef49f0,RESOLVED,TRUE,FALSE,NON_ACTIONABLE,AVAILABILITY_UNVERIFIED,0.24451787008325426,-0.49448748223110184,0.6821824776849916,LOSS,-1.0,0.49448748223110184,LEGACY_023,,,,,,,,,,,,,,,,,,,,,,,,,,,,,,,,,,,,,,,,,,,,,,,,,,,,,,,,,,,,,,,,,,,,,,,,,,,,,,,,
,,2026_02_DET_BUF,00-0037254,Terrel Bernard,BUF,DET,,7.5,DraftKings,,5.0,,,,,2026-09-17T21:31:27.442000Z,,,,,,,,FALSE,,,,,,WIN,1.01,0.6981931812875527,CURRENT_035,0.34.1,20260916T153110Z_3d61b710,4c20359658fb911acc4b5486f0193e0053ffadbc91c97c20a363b1574e8396db,20260917T213233Z_94871cd1,94871cd1354e8d986ed0f6d20f1b264b697046bfff57465c9ebb574609765818,2026-09-18T00:15:00Z,LB,tackles_assists,propsmadness-table-api,EXECUTABLE_OFFER,-128,101,,,TRUE,0.5301681503461919,0.46983184965380814,6.143376834665366,6.287945523159966,0.8254415575378861,0.8448662170718461,0.3018068187124473,0.6981931812875527,0.317895942823865,0.682104057176135,-0.46240660416845325,0.40336829438798094,-0.43374785184499043,0.3710291549240313,UNDER,0.40336829438798094,UNDER,0.3710291549240313,TRUE,ROLE_ALIGNED,TRUE,FALSE,FALSE,NO_AUTHORITATIVE_GAME_DAY_INACTIVE_SOURCE,RESOLVED,DEFENSIVE_PLAYS_ONLY_TACKLES_PLUS_ASSISTS,FALSE,CANON_NAME_TEAM,FROZEN_OMEGA_CONTROL,SHADOW_ONLY_NOT_PROMOTED,PRELIMINARY_NO_AUTHORITATIVE_INACTIVE_OVERLAY,-0.2283613316337446,0.22836133163374456,-0.2122722075223269,0.21227220752232684,0.34.2,2026-09-17T21:43:49Z,PENDING,FALSE,FALSE,TRUE,ROLE_ALIGNED,PRELIMINARY_NO_AUTHORITATIVE_INACTIVE_OVERLAY,FALSE,FALSE,UNDER,0.6981931812875527,0.682104057176135,1,1,0.09108735582132803,0.10105783046387405,0.3592594504895797,0.3825730562726892,0.09108735582132803,0.10105783046387405,101.0,1.01,EV_35_PLUS,P_60_70,True,True,False,False,True
,,2026_02_DET_BUF,00-0039872,Cole Bishop,BUF,DET,,5.5,Novig,,6.0,,,,,2026-09-17T21:31:27.442000Z,,,,,,,,FALSE,,,,,,LOSS,-1.0,0.672733633921183,CURRENT_035,0.34.1,20260916T153110Z_3d61b710,4c20359658fb911acc4b5486f0193e0053ffadbc91c97c20a363b1574e8396db,20260917T213233Z_94871cd1,94871cd1354e8d986ed0f6d20f1b264b697046bfff57465c9ebb574609765818,2026-09-18T00:15:00Z,DB,tackles_assists,propsmadness-table-api,EXECUTABLE_OFFER,,,UNDER,-113,FALSE,,,4.615685425710813,4.73853995948621,0.7856044010201283,0.8065146350411924,0.327266366078817,0.672733633921183,0.3444195829776835,0.6555804170223165,,0.2680731329664777,,0.23574007810401254,UNDER,0.2680731329664777,UNDER,0.23574007810401254,TRUE,ROLE_ALIGNED,TRUE,FALSE,FALSE,NO_AUTHORITATIVE_GAME_DAY_INACTIVE_SOURCE,PARTIAL_UNRESOLVED_SPECIAL_TEAMS,OFFICIAL_LEAGUE_STATISTICS_PLAYER_PROP,UNKNOWN,CANON_NAME_TEAM,FROZEN_OMEGA_CONTROL,SHADOW_ONLY_NOT_PROMOTED,NO_ACTION_SETTLEMENT_UNRESOLVED,,,,,0.34.2,2026-09-17T21:43:49Z,PENDING,FALSE,FALSE,FALSE,ROLE_ALIGNED,NO_ACTION_SETTLEMENT_UNRESOLVED,FALSE,FALSE,OVER,0.672733633921183,0.6555804170223165,0,0,0.4525705422088003,0.4297856831831544,1.1169808645065993,1.0658946469019952,0.4525705422088003,0.4297856831831544,-113.0,-1.0,EV_20_35,P_60_70,True,True,False,True,False
,,2026_02_DET_BUF,00-0035253,C.J. Gardner-Johnson,BUF,DET,,5.5,DraftKings,,1.0,,,,,2026-09-17T21:31:27.442000Z,,,,,,,,FALSE,,,,,,WIN,0.704225352112676,0.6321820338990034,CURRENT_035,0.34.1,20260916T153110Z_3d61b710,4c20359658fb911acc4b5486f0193e0053ffadbc91c97c20a363b1574e8396db,20260917T213233Z_94871cd1,94871cd1354e8d986ed0f6d20f1b264b697046bfff57465c9ebb574609765818,2026-09-18T00:15:00Z,DB,tackles_assists,propsmadness-table-api,EXECUTABLE_OFFER,113,-142,,,TRUE,0.4444770965727509,0.555522903427249,4.9013717270445,4.960318762643071,0.8974950512457179,0.9082889015557052,0.3678179661009966,0.6321820338990034,0.3770834100456699,0.6229165899543301,-0.21654773220487727,0.07738064932083677,-0.19681233660272313,0.06159024485174558,UNDER,0.07738064932083677,UNDER,0.06159024485174558,TRUE,ROLE_ALIGNED,TRUE,FALSE,FALSE,NO_AUTHORITATIVE_GAME_DAY_INACTIVE_SOURCE,RESOLVED,DEFENSIVE_PLAYS_ONLY_TACKLES_PLUS_ASSISTS,FALSE,CANON_NAME_TEAM,FROZEN_OMEGA_CONTROL,SHADOW_ONLY_NOT_PROMOTED,PRELIMINARY_NO_AUTHORITATIVE_INACTIVE_OVERLAY,-0.07665913047175432,0.07665913047175443,-0.067393686527081,0.06739368652708111,0.34.2,2026-09-17T21:43:49Z,PENDING,FALSE,FALSE,FALSE,ROLE_ALIGNED,PRELIMINARY_NO_AUTHORITATIVE_INACTIVE_OVERLAY,FALSE,FALSE,UNDER,0.6321820338990034,0.6229165899543301,1,1,0.1352900561866739,0.14219189813167085,0.45857789798626536,0.4733426536614971,0.1352900561866739,0.14219189813167085,-142.0,0.704225352112676,EV_5_10,P_60_70,True,True,False,False,True
,,2026_02_DET_BUF,00-0040709,Maxwell Hairston,BUF,DET,,3.5,Underdog Fantasy,,1.0,,,,,2026-09-17T21:31:27.442000Z,,,,,,,,FALSE,,,,,,WIN,0.9009009009009009,0.5530343145948846,CURRENT_035,0.34.1,20260916T153110Z_3d61b710,4c20359658fb911acc4b5486f0193e0053ffadbc91c97c20a363b1574e8396db,20260917T213233Z_94871cd1,94871cd1354e8d986ed0f6d20f1b264b697046bfff57465c9ebb574609765818,2026-09-18T00:15:00Z,DB,tackles_assists,propsmadness-table-api,EXECUTABLE_OFFER,106,-111,,,TRUE,0.47991629895828597,0.5200837010417141,3.521277531652817,3.642930979419661,0.7177817805924455,0.7425797772196266,0.4469656854051154,0.5530343145948846,0.4682155012450633,0.5317844987549367,-0.07925068806546226,0.05126342684252844,-0.03547606743516962,0.010869632768393256,UNDER,0.05126342684252844,UNDER,0.010869632768393256,TRUE,ROLE_ALIGNED,TRUE,FALSE,FALSE,NO_AUTHORITATIVE_GAME_DAY_INACTIVE_SOURCE,RESOLVED,SOLO_TACKLES_PLUS_ASSISTS_OFFICIAL_NFL_STATS,FALSE,CANON_NAME_TEAM,FROZEN_OMEGA_CONTROL,SHADOW_ONLY_NOT_PROMOTED,PRELIMINARY_NO_AUTHORITATIVE_INACTIVE_OVERLAY,-0.03295061355317058,0.03295061355317053,-0.011700797713222688,0.011700797713222633,0.34.2,2026-09-17T21:43:49Z,PENDING,FALSE,FALSE,FALSE,ROLE_ALIGNED,PRELIMINARY_NO_AUTHORITATIVE_INACTIVE_OVERLAY,FALSE,FALSE,UNDER,0.5530343145948846,0.5317844987549367,1,1,0.19977832392966458,0.21922575560616586,0.5923352276762778,0.6315169492348719,0.19977832392966458,0.21922575560616586,-111.0,0.9009009009009009,EV_5_10,P_50_60,True,True,False,False,True
,,2026_02_DET_BUF,00-0037034,Dee Alford,BUF,DET,,3.5,DraftKings,,4.0,,,,,2026-09-17T21:31:27.442000Z,,,,,,,,FALSE,,,,,,WIN,0.8547008547008547,0.5107190125372317,CURRENT_035,0.34.1,20260916T153110Z_3d61b710,4c20359658fb911acc4b5486f0193e0053ffadbc91c97c20a363b1574e8396db,20260917T213233Z_94871cd1,94871cd1354e8d986ed0f6d20f1b264b697046bfff57465c9ebb574609765818,2026-09-18T00:15:00Z,DB,tackles_assists,propsmadness-table-api,EXECUTABLE_OFFER,-117,-111,,,TRUE,0.5061508180588018,0.4938491819411982,4.207745951169772,4.337048230144218,0.64526882883815,0.665097670951764,0.5107190125372317,0.48928098746276827,0.5259036265848409,0.4740963734151591,-0.052769010935219796,-0.0699253301383414,-0.02460609428281646,-0.09878977666127414,OVER,-0.052769010935219796,OVER,-0.02460609428281646,TRUE,STARTER_CONFLICT_REVIEW,TRUE,TRUE,FALSE,NO_AUTHORITATIVE_GAME_DAY_INACTIVE_SOURCE,RESOLVED,DEFENSIVE_PLAYS_ONLY_TACKLES_PLUS_ASSISTS,FALSE,CANON_NAME_TEAM,FROZEN_OMEGA_CONTROL,SHADOW_ONLY_NOT_PROMOTED,REVIEW_STARTER_CONFLICT,0.004568194478429932,-0.004568194478429932,0.019752808526039112,-0.019752808526039112,0.34.2,2026-09-17T21:43:49Z,PENDING,FALSE,FALSE,FALSE,STARTER_CONFLICT_REVIEW,REVIEW_STARTER_CONFLICT,FALSE,FALSE,OVER,0.5107190125372317,0.5259036265848409,1,1,0.2393958846925416,0.22476737128540597,0.671935717634516,0.6426373024516102,0.2393958846925416,0.22476737128540597,-117.0,0.8547008547008547,EV_LT_5,P_50_60,False,True,False,True,False
,,2026_02_DET_BUF,00-0036914,Greg Rousseau,BUF,DET,,3.5,DraftKings,,3.0,,,,,2026-09-17T21:31:27.442000Z,,,,,,,,FALSE,,,,,,LOSS,-1.0,0.413472622042115,CURRENT_035,0.34.1,20260916T153110Z_3d61b710,4c20359658fb911acc4b5486f0193e0053ffadbc91c97c20a363b1574e8396db,20260917T213233Z_94871cd1,94871cd1354e8d986ed0f6d20f1b264b697046bfff57465c9ebb574609765818,2026-09-18T00:15:00Z,LB,tackles_assists,propsmadness-table-api,EXECUTABLE_OFFER,132,-171,,,TRUE,0.4058587431857665,0.5941412568142336,3.334951487594021,3.3929481979297575,0.7238215242605427,0.7364091938064034,0.413472622042115,0.586527377957885,0.4240137038493276,0.5759862961506724,-0.04074351686229316,-0.07047415540007701,-0.016288207069560023,-0.08717961253314488,OVER,-0.04074351686229316,OVER,-0.016288207069560023,TRUE,ROLE_ALIGNED,TRUE,FALSE,FALSE,NO_AUTHORITATIVE_GAME_DAY_INACTIVE_SOURCE,RESOLVED,DEFENSIVE_PLAYS_ONLY_TACKLES_PLUS_ASSISTS,FALSE,CANON_NAME_TEAM,FROZEN_OMEGA_CONTROL,SHADOW_ONLY_NOT_PROMOTED,PRELIMINARY_NO_AUTHORITATIVE_INACTIVE_OVERLAY,0.0076138788563485105,-0.007613878856348566,0.018154960663561093,-0.018154960663561148,0.34.2,2026-09-17T21:43:49Z,PENDING,FALSE,FALSE,FALSE,ROLE_ALIGNED,PRELIMINARY_NO_AUTHORITATIVE_INACTIVE_OVERLAY,FALSE,FALSE,UNDER,0.413472622042115,0.4240137038493276,0,0,0.17095960917838168,0.17978762105202528,0.5335359317429971,0.5516714099743484,0.17095960917838168,0.17978762105202528,132.0,-1.0,EV_LT_5,P_40_50,True,True,False,False,True
,,2026_02_DET_BUF,00-0037288,Christian Benford,BUF,DET,,3.5,DraftKings,,8.0,,,,,2026-09-17T21:31:27.442000Z,,,,,,,,FALSE,,,,,,LOSS,-1.0,0.614865995717325,CURRENT_035,0.34.1,20260916T153110Z_3d61b710,4c20359658fb911acc4b5486f0193e0053ffadbc91c97c20a363b1574e8396db,20260917T213233Z_94871cd1,94871cd1354e8d986ed0f6d20f1b264b697046bfff57465c9ebb574609765818,2026-09-18T00:15:00Z,DB,tackles_assists,propsmadness-table-api,EXECUTABLE_OFFER,-165,127,,,TRUE,0.5856461574544601,0.4143538425455398,3.1574698620186523,3.18554753223488,0.9526622631632715,0.9611337729547987,0.38513400428267497,0.614865995717325,0.390929629291745,0.609070370708255,-0.38145144766721895,0.3957458102783278,-0.37214332265265193,0.38258974150773883,UNDER,0.3957458102783278,UNDER,0.38258974150773883,TRUE,ROLE_ALIGNED,TRUE,FALSE,FALSE,NO_AUTHORITATIVE_GAME_DAY_INACTIVE_SOURCE,RESOLVED,DEFENSIVE_PLAYS_ONLY_TACKLES_PLUS_ASSISTS,FALSE,CANON_NAME_TEAM,FROZEN_OMEGA_CONTROL,SHADOW_ONLY_NOT_PROMOTED,PRELIMINARY_NO_AUTHORITATIVE_INACTIVE_OVERLAY,-0.20051215317178517,0.20051215317178522,-0.19471652816271512,0.19471652816271517,0.34.2,2026-09-17T21:43:49Z,PENDING,FALSE,FALSE,TRUE,ROLE_ALIGNED,PRELIMINARY_NO_AUTHORITATIVE_INACTIVE_OVERLAY,FALSE,FALSE,OVER,0.614865995717325,0.609070370708255,0,0,0.37806019268945756,0.37096671647469115,0.9541639421823688,0.9392277114303837,0.37806019268945756,0.37096671647469115,127.0,-1.0,EV_35_PLUS,P_60_70,True,True,False,False,True
,,2026_02_DET_BUF,00-0035230,Ed Oliver,BUF,DET,,2.5,Underdog Fantasy,,0.0,,,,,2026-09-17T21:31:27.442000Z,,,,,,,,FALSE,,,,,,LOSS,-1.0,0.5311799857463297,CURRENT_035,0.34.1,20260916T153110Z_3d61b710,4c20359658fb911acc4b5486f0193e0053ffadbc91c97c20a363b1574e8396db,20260917T213233Z_94871cd1,94871cd1354e8d986ed0f6d20f1b264b697046bfff57465c9ebb574609765818,2026-09-18T00:15:00Z,DL,tackles_assists,propsmadness-table-api,EXECUTABLE_OFFER,-137,-137,,,TRUE,0.5,0.5,2.9468569536545837,2.986908277911529,0.6705947701017355,0.6797089582027385,0.5311799857463297,0.46882001425367026,0.5388947748597783,0.4611052251402217,-0.08109739692058288,-0.18897559578014705,-0.06775137487760974,-0.2023216178231202,OVER,-0.08109739692058288,OVER,-0.06775137487760974,TRUE,ROLE_ALIGNED,TRUE,FALSE,FALSE,NO_AUTHORITATIVE_GAME_DAY_INACTIVE_SOURCE,RESOLVED,SOLO_TACKLES_PLUS_ASSISTS_OFFICIAL_NFL_STATS,FALSE,CANON_NAME_TEAM,FROZEN_OMEGA_CONTROL,SHADOW_ONLY_NOT_PROMOTED,PRELIMINARY_NO_AUTHORITATIVE_INACTIVE_OVERLAY,0.03117998574632974,-0.03117998574632974,0.038894774859778325,-0.038894774859778325,0.34.2,2026-09-17T21:43:49Z,PENDING,FALSE,FALSE,FALSE,ROLE_ALIGNED,PRELIMINARY_NO_AUTHORITATIVE_INACTIVE_OVERLAY,FALSE,FALSE,UNDER,0.5311799857463297,0.5388947748597783,0,0,0.28215217725747105,0.29040757837117115,0.7575363491100062,0.7741290079312284,0.28215217725747105,0.29040757837117115,-137.0,-1.0,EV_LT_5,P_50_60,True,True,False,False,True
,,2026_02_DET_BUF,00-0039018,Jack Campbell,DET,BUF,,9.5,DraftKings,,6.0,,,,,2026-09-17T21:31:27.442000Z,,,,,,,,FALSE,,,,,,WIN,0.8403361344537815,0.5852075164284267,CURRENT_035,0.34.1,20260916T153110Z_3d61b710,4c20359658fb911acc4b5486f0193e0053ffadbc91c97c20a363b1574e8396db,20260917T213233Z_94871cd1,94871cd1354e8d986ed0f6d20f1b264b697046bfff57465c9ebb574609765818,2026-09-18T00:15:00Z,LB,tackles_assists,propsmadness-table-api,EXECUTABLE_OFFER,-108,-119,,,TRUE,0.48863730270225597,0.511362697297744,9.03407071917544,9.130108001832756,0.9418553869137235,0.9518678425195176,0.4147924835715733,0.5852075164284267,0.42525443565397214,0.5747455643460279,-0.2011404020103033,0.07697853863718868,-0.1809914572590166,0.05772503018302605,UNDER,0.07697853863718868,UNDER,0.05772503018302605,TRUE,ROLE_ALIGNED,TRUE,FALSE,FALSE,NO_AUTHORITATIVE_GAME_DAY_INACTIVE_SOURCE,RESOLVED,DEFENSIVE_PLAYS_ONLY_TACKLES_PLUS_ASSISTS,FALSE,CANON_NAME_TEAM,FROZEN_OMEGA_CONTROL,SHADOW_ONLY_NOT_PROMOTED,PRELIMINARY_NO_AUTHORITATIVE_INACTIVE_OVERLAY,-0.07384481913068269,0.07384481913068275,-0.06338286704828383,0.06338286704828389,0.34.2,2026-09-17T21:43:49Z,PENDING,FALSE,FALSE,TRUE,ROLE_ALIGNED,PRELIMINARY_NO_AUTHORITATIVE_INACTIVE_OVERLAY,FALSE,FALSE,UNDER,0.5852075164284267,0.5747455643460279,1,1,0.1720528044274739,0.18084133504337832,0.5357887657142336,0.5538278329048981,0.1720528044274739,0.18084133504337832,-119.0,0.8403361344537815,EV_5_10,P_50_60,True,True,False,False,True
,,2026_02_DET_BUF,00-0034377,Avonte Maddox,DET,BUF,,5.5,DraftKings,,3.0,,,,,2026-09-17T21:31:27.442000Z,,,,,,,,FALSE,,,,,,LOSS,-1.0,0.3645568913048124,CURRENT_035,0.34.1,20260916T153110Z_3d61b710,4c20359658fb911acc4b5486f0193e0053ffadbc91c97c20a363b1574e8396db,20260917T213233Z_94871cd1,94871cd1354e8d986ed0f6d20f1b264b697046bfff57465c9ebb574609765818,2026-09-18T00:15:00Z,DB,tackles_assists,propsmadness-table-api,EXECUTABLE_OFFER,,,OVER,-128,FALSE,,,4.883633932203349,4.956706834975918,0.8417440626187171,0.8543389218774197,0.3645568913048124,0.6354431086951876,0.37463267217258334,0.6253673278274167,-0.3506330373633029,,-0.33268555269258593,,OVER,-0.3506330373633029,OVER,-0.33268555269258593,TRUE,ROLE_ALIGNED,TRUE,FALSE,FALSE,NO_AUTHORITATIVE_GAME_DAY_INACTIVE_SOURCE,RESOLVED,DEFENSIVE_PLAYS_ONLY_TACKLES_PLUS_ASSISTS,FALSE,CANON_NAME_TEAM,FROZEN_OMEGA_CONTROL,SHADOW_ONLY_NOT_PROMOTED,PRELIMINARY_NO_AUTHORITATIVE_INACTIVE_OVERLAY,,,,,0.34.2,2026-09-17T21:43:49Z,PENDING,FALSE,FALSE,FALSE,ROLE_ALIGNED,PRELIMINARY_NO_AUTHORITATIVE_INACTIVE_OVERLAY,FALSE,FALSE,UNDER,0.3645568913048124,0.37463267217258334,0,0,0.1329017269978288,0.1403496390591703,0.45343271447612066,0.46941607736428603,0.1329017269978288,0.1403496390591703,-128.0,-1.0,EV_LT_5,P_30_40,True,True,False,False,True
,,2026_02_DET_BUF,00-0035637,Rock Ya-Sin,DET,BUF,,4.5,Underdog Fantasy,,6.0,,,,,2026-09-17T21:31:27.442000Z,,,,,,,,FALSE,,,,,,LOSS,-1.0,0.5878993221257727,CURRENT_035,0.34.1,20260916T153110Z_3d61b710,4c20359658fb911acc4b5486f0193e0053ffadbc91c97c20a363b1574e8396db,20260917T213233Z_94871cd1,94871cd1354e8d986ed0f6d20f1b264b697046bfff57465c9ebb574609765818,2026-09-18T00:15:00Z,DB,tackles_assists,propsmadness-table-api,EXECUTABLE_OFFER,-116,111,,,TRUE,0.5312093063633996,0.4687906936366003,4.2343041847889715,4.366940583223728,0.8969175506079626,0.9250128192551517,0.41210067787422733,0.5878993221257727,0.43523732848060703,0.564762671519393,-0.2326401170617836,0.2404675696853804,-0.18955807800162833,0.19164923690591917,UNDER,0.2404675696853804,UNDER,0.19164923690591917,TRUE,ROLE_ALIGNED,TRUE,FALSE,FALSE,NO_AUTHORITATIVE_GAME_DAY_INACTIVE_SOURCE,RESOLVED,SOLO_TACKLES_PLUS_ASSISTS_OFFICIAL_NFL_STATS,FALSE,CANON_NAME_TEAM,FROZEN_OMEGA_CONTROL,SHADOW_ONLY_NOT_PROMOTED,PRELIMINARY_NO_AUTHORITATIVE_INACTIVE_OVERLAY,-0.11910862848917225,0.11910862848917236,-0.09597197788279255,0.09597197788279266,0.34.2,2026-09-17T21:43:49Z,PENDING,FALSE,FALSE,TRUE,ROLE_ALIGNED,PRELIMINARY_NO_AUTHORITATIVE_INACTIVE_OVERLAY,FALSE,FALSE,OVER,0.5878993221257727,0.564762671519393,0,0,0.345625612955943,0.3189568751417218,0.8864875957121778,0.8318638139555521,0.345625612955943,0.3189568751417218,111.0,-1.0,EV_20_35,P_50_60,True,True,False,False,True
,,2026_02_DET_BUF,00-0036964,Derrick Barnes,DET,BUF,,4.5,DraftKings,,6.0,,,,,2026-09-17T21:31:27.442000Z,,,,,,,,FALSE,,,,,,LOSS,-1.0,0.5795056666408029,CURRENT_035,0.34.1,20260916T153110Z_3d61b710,4c20359658fb911acc4b5486f0193e0053ffadbc91c97c20a363b1574e8396db,20260917T213233Z_94871cd1,94871cd1354e8d986ed0f6d20f1b264b697046bfff57465c9ebb574609765818,2026-09-18T00:15:00Z,LB,tackles_assists,propsmadness-table-api,EXECUTABLE_OFFER,-125,-103,,,TRUE,0.5226570545829042,0.4773429454170958,4.332687852326231,4.3780183087114075,0.8231494303475452,0.8317615761154012,0.42049433335919706,0.5795056666408029,0.4274250404802641,0.5725749595197359,-0.2431101999534453,0.14213252745711646,-0.23063492713552464,0.12847297847093586,UNDER,0.14213252745711646,UNDER,0.12847297847093586,TRUE,ROLE_ALIGNED,TRUE,FALSE,FALSE,NO_AUTHORITATIVE_GAME_DAY_INACTIVE_SOURCE,RESOLVED,DEFENSIVE_PLAYS_ONLY_TACKLES_PLUS_ASSISTS,FALSE,CANON_NAME_TEAM,FROZEN_OMEGA_CONTROL,SHADOW_ONLY_NOT_PROMOTED,PRELIMINARY_NO_AUTHORITATIVE_INACTIVE_OVERLAY,-0.10216272122370718,0.10216272122370712,-0.09523201410264015,0.0952320141026401,0.34.2,2026-09-17T21:43:49Z,PENDING,FALSE,FALSE,TRUE,ROLE_ALIGNED,PRELIMINARY_NO_AUTHORITATIVE_INACTIVE_OVERLAY,FALSE,FALSE,OVER,0.5795056666408029,0.5725749595197359,0,0,0.3358268176688014,0.3278420842690272,0.8663242756190391,0.849976349885677,0.3358268176688014,0.3278420842690272,-103.0,-1.0,EV_10_20,P_50_60,True,True,False,False,True
,,2026_02_DET_BUF,00-0037236,Aidan Hutchinson,DET,BUF,,3.5,DraftKings,,3.0,,,,,2026-09-17T21:31:27.442000Z,,,,,,,,FALSE,,,,,,WIN,1.02,0.5177951397547722,CURRENT_035,0.34.1,20260916T153110Z_3d61b710,4c20359658fb911acc4b5486f0193e0053ffadbc91c97c20a363b1574e8396db,20260917T213233Z_94871cd1,94871cd1354e8d986ed0f6d20f1b264b697046bfff57465c9ebb574609765818,2026-09-18T00:15:00Z,DL,tackles_assists,propsmadness-table-api,EXECUTABLE_OFFER,-131,102,,,TRUE,0.533917113917921,0.466082886082079,3.724709213285186,3.7286690783425076,0.7933982541300224,0.7942417428007256,0.4822048602452278,0.5177951397547722,0.48287603983459715,0.5171239601654029,-0.14969982659047615,0.04594618230463987,-0.14851629616952716,0.04459039953411381,UNDER,0.04594618230463987,UNDER,0.04459039953411381,TRUE,ROLE_ALIGNED,TRUE,FALSE,FALSE,NO_AUTHORITATIVE_GAME_DAY_INACTIVE_SOURCE,RESOLVED,DEFENSIVE_PLAYS_ONLY_TACKLES_PLUS_ASSISTS,FALSE,CANON_NAME_TEAM,FROZEN_OMEGA_CONTROL,SHADOW_ONLY_NOT_PROMOTED,PRELIMINARY_NO_AUTHORITATIVE_INACTIVE_OVERLAY,-0.051712253672693165,0.05171225367269322,-0.05104107408332381,0.05104107408332387,0.34.2,2026-09-17T21:43:49Z,PENDING,FALSE,FALSE,FALSE,ROLE_ALIGNED,PRELIMINARY_NO_AUTHORITATIVE_INACTIVE_OVERLAY,FALSE,FALSE,UNDER,0.5177951397547722,0.5171239601654029,1,1,0.23252152724411967,0.23316926984634345,0.658175598045615,0.6594726650019008,0.23252152724411967,0.23316926984634345,102.0,1.02,EV_LT_5,P_50_60,True,True,False,False,True
,,2026_02_DET_BUF,00-0036335,D.J. Wonnum,DET,BUF,,3.5,Underdog Fantasy,,2.0,,,,,2026-09-17T21:31:27.442000Z,,,,,,,,FALSE,,,,,,WIN,0.7299270072992701,0.6706781289862315,CURRENT_035,0.34.1,20260916T153110Z_3d61b710,4c20359658fb911acc4b5486f0193e0053ffadbc91c97c20a363b1574e8396db,20260917T213233Z_94871cd1,94871cd1354e8d986ed0f6d20f1b264b697046bfff57465c9ebb574609765818,2026-09-18T00:15:00Z,DL,tackles_assists,propsmadness-table-api,EXECUTABLE_OFFER,-137,-137,,,TRUE,0.5,0.5,2.8874078041613935,2.9088599302401366,0.712059510726721,0.7173497888708968,0.32932187101376853,0.6706781289862315,0.33344181904658154,0.6665581809534185,-0.4302972012389552,0.16022420853822522,-0.42316999186832244,0.1530969991675925,UNDER,0.16022420853822522,UNDER,0.1530969991675925,TRUE,ROLE_ALIGNED,TRUE,FALSE,FALSE,NO_AUTHORITATIVE_GAME_DAY_INACTIVE_SOURCE,RESOLVED,SOLO_TACKLES_PLUS_ASSISTS_OFFICIAL_NFL_STATS,FALSE,CANON_NAME_TEAM,FROZEN_OMEGA_CONTROL,SHADOW_ONLY_NOT_PROMOTED,PRELIMINARY_NO_AUTHORITATIVE_INACTIVE_OVERLAY,-0.17067812898623147,0.17067812898623147,-0.16655818095341846,0.16655818095341846,0.34.2,2026-09-17T21:43:49Z,PENDING,FALSE,FALSE,FALSE,ROLE_ALIGNED,PRELIMINARY_NO_AUTHORITATIVE_INACTIVE_OVERLAY,FALSE,FALSE,UNDER,0.6706781289862315,0.6665581809534185,1,1,0.1084528947280092,0.11118344668909323,0.39946594564292054,0.40562784991976697,0.1084528947280092,0.11118344668909323,-137.0,0.7299270072992701,EV_10_20,P_60_70,True,True,False,False,True
,,2026_02_DET_BUF,00-0040672,Tyleik Williams,DET,BUF,,2.5,Underdog Fantasy,,5.0,,,,,2026-09-17T21:31:27.442000Z,,,,,,,,FALSE,,,,,,LOSS,-1.0,0.7640471412034204,CURRENT_035,0.34.1,20260916T153110Z_3d61b710,4c20359658fb911acc4b5486f0193e0053ffadbc91c97c20a363b1574e8396db,20260917T213233Z_94871cd1,94871cd1354e8d986ed0f6d20f1b264b697046bfff57465c9ebb574609765818,2026-09-18T00:15:00Z,DL,tackles_assists,propsmadness-table-api,EXECUTABLE_OFFER,118,-127,,,TRUE,0.45052197038860003,0.5494780296114,1.6189679644960902,1.7585022286924092,0.39794395109556385,0.432241613325575,0.23595285879657957,0.7640471412034204,0.2662782852095886,0.7337217147904114,-0.48562276782345654,0.3656590634108381,-0.41951333824309683,0.31145534848364875,UNDER,0.3656590634108381,UNDER,0.31145534848364875,TRUE,STARTER_CONFLICT_REVIEW,TRUE,TRUE,FALSE,NO_AUTHORITATIVE_GAME_DAY_INACTIVE_SOURCE,RESOLVED,SOLO_TACKLES_PLUS_ASSISTS_OFFICIAL_NFL_STATS,FALSE,CANON_NAME_TEAM,FROZEN_OMEGA_CONTROL,SHADOW_ONLY_NOT_PROMOTED,REVIEW_STARTER_CONFLICT,-0.21456911159202047,0.2145691115920204,-0.1842436851790114,0.18424368517901135,0.34.2,2026-09-17T21:43:49Z,PENDING,FALSE,FALSE,TRUE,STARTER_CONFLICT_RESOLVED_TEAM_DEPTH_CHART,PRELIMINARY_NO_AUTHORITATIVE_INACTIVE_OVERLAY_STARTER_CONFIRMED,FALSE,FALSE,OVER,0.7640471412034204,0.7337217147904114,0,0,0.5837680339811194,0.5383475547549817,1.4441232447713386,1.323213332072125,0.5837680339811194,0.5383475547549817,-127.0,-1.0,EV_35_PLUS,P_70_80,True,True,False,False,True
,,2026_02_DET_BUF,00-0034384,D.J. Reed,DET,BUF,,3.5,DraftKings,,6.0,,,,,2026-09-17T21:31:27.442000Z,,,,,,,,FALSE,,,,,,WIN,0.6896551724137931,0.696886130374961,CURRENT_035,0.34.1,20260916T153110Z_3d61b710,4c20359658fb911acc4b5486f0193e0053ffadbc91c97c20a363b1574e8396db,20260917T213233Z_94871cd1,94871cd1354e8d986ed0f6d20f1b264b697046bfff57465c9ebb574609765818,2026-09-18T00:15:00Z,DB,tackles_assists,propsmadness-reference-api,REFERENCE_ONLY_NON_EXECUTABLE,-145,113,,,TRUE,0.5576419608197165,0.44235803918028344,4.950077501120416,5.040890198120362,0.8612686533260188,0.8770692401314465,0.696886130374961,0.30311386962503895,0.7087727307082398,0.29122726929176024,0.17749725477148598,-0.35436745769866707,0.19758151050702583,-0.3796859164085507,OVER,0.17749725477148598,OVER,0.19758151050702583,TRUE,ROLE_ALIGNED,TRUE,FALSE,FALSE,NO_AUTHORITATIVE_GAME_DAY_INACTIVE_SOURCE,RESOLVED,DEFENSIVE_PLAYS_ONLY_TACKLES_PLUS_ASSISTS,FALSE,CANON_NAME_TEAM,FROZEN_OMEGA_CONTROL,SHADOW_ONLY_NOT_PROMOTED,REFERENCE_ONLY_NOT_EXECUTABLE,0.13924416955524455,-0.1392441695552445,0.15113076988852325,-0.1511307698885232,0.34.2,2026-09-17T21:43:49Z,PENDING,FALSE,FALSE,TRUE,ROLE_ALIGNED,REFERENCE_ONLY_NOT_EXECUTABLE,FALSE,FALSE,OVER,0.696886130374961,0.7087727307082398,1,1,0.09187801795906511,0.08481332237913544,0.3611332526226928,0.34422035290843894,0.09187801795906511,0.08481332237913544,-145.0,0.6896551724137931,EV_10_20,P_60_70,True,False,False,True,False
